target,model,avg_pearson,avg_spearman
Beauty,rf,0.08048293188265765,0.09324225522115732
