rater,pearson,spearman
14,0.4800432956272414,0.4800432956272414
20,0.4143160562722449,0.4143160562722449
