target,model,avg_pearson,avg_spearman
Beauty,rf,0.25126849893558334,0.2318185340320664
