rater,pearson,spearman
15,0.6439419736707928,0.6439419736707928
24,0.6308209362649478,0.6308209362649478
