rater,pearson,spearman
15,0.6440262293913444,0.6440262293913444
24,0.6307807829015202,0.6307807829015202
