rater,pearson,spearman
33,0.5543773367285314,0.5543773367285314
26,0.5457026360388221,0.5457026360388221
