rater,pearson,spearman
33,0.5173178115111072,0.5173178115111072
39,0.5138531922342255,0.5138531922342255
