target,model,pearson,spearman,r2,adj_r2,mse,mae
Liking_M,GRBT,0.5804365031796357,0.5537309076366576,0.3336115218086815,0.15350652770291973,0.7303563087765345,0.6996250044808022
