target,model,pearson,spearman,r2,adj_r2,mse,mae
Liking_M,LASSO,0.5907209149803277,0.5926549332028814,0.3102602010079255,0.12384403911817565,0.7559491649306297,0.692591808533333
