target,model,pearson,spearman,r2,adj_r2,mse,mae
Liking_M,SVR,0.3040714891262839,0.2667137205116567,0.06182948305579827,-0.19173011611831026,1.028227195071073,0.8417303519424237
