target,model,pearson,spearman,r2,adj_r2,mse,mae
Liking_M,RF,0.7002189569776023,0.7076355275533169,0.42321432312418894,0.26732630234694277,0.6321523731345935,0.6563160208333328
