target,model,pearson,spearman,r2,adj_r2,mse,mae
Liking_M,RF,0.7098105124717032,0.7104041820915002,0.4334587040411092,0.2803394348630306,0.6209246156372098,0.6494626493055532
