target,model,pearson,spearman,r2,adj_r2,mse,mae
Liking_M,RIDGE,0.6130013392819917,0.6309817979863599,0.3429172805055166,0.16532735631781847,0.720157273537161,0.6730758059485561
